<?xml version="1.0" encoding="UTF-8"?>
<project-private xmlns="http://www.netbeans.org/ns/project-private/1">
    <data xmlns="http://www.netbeans.org/ns/make-project-private/1">
        <activeConfTypeElem>1</activeConfTypeElem>
        <activeConfIndexElem>0</activeConfIndexElem>
    </data>
    <editor-bookmarks xmlns="http://www.netbeans.org/ns/editor-bookmarks/2" lastBookmarkId="0"/>
    <open-files xmlns="http://www.netbeans.org/ns/projectui-open-files/2">
        <group>
            <file>file:/D:/gitn/j-hawk-git-code/j-hawk-code/mvn/j-hawk/hawk/DoublyLinkedList.h</file>
            <file>file:/D:/gitn/j-hawk-git-code/j-hawk-code/mvn/j-hawk/hawk/HawkMain.c</file>
            <file>file:/D:/gitn/j-hawk-git-code/j-hawk-code/mvn/j-hawk/hawk/HawkConstant.h</file>
            <file>file:/D:/gitn/j-hawk-git-code/j-hawk-code/mvn/j-hawk/hawk/JavaPropertyReader.h</file>
        </group>
    </open-files>
</project-private>
