<?xml version="1.0" encoding="UTF-8"?>
<configurationDescriptor version="69">
  <projectmakefile>Makefile</projectmakefile>
  <defaultConf>0</defaultConf>
  <confs>
    <conf name="Debug" type="1">
      <gizmo_options version="3">
        <configurationname>GizmoSimple</configurationname>
      </gizmo_options>
      <runprofile version="6">
        <args>-s  /home/manoranjan/j-hawk/SampleApp/SampleAppHawk.conf -plot</args>
        <rundir></rundir>
        <buildfirst>true</buildfirst>
        <console-type>0</console-type>
        <terminal-type>0</terminal-type>
        <remove-instrumentation>0</remove-instrumentation>
        <environment>
        </environment>
      </runprofile>
    </conf>
    <conf name="Release" type="1">
      <gizmo_options version="3">
        <configurationname>GizmoSimple</configurationname>
      </gizmo_options>
      <runprofile version="6">
        <args></args>
        <rundir></rundir>
        <buildfirst>true</buildfirst>
        <console-type>0</console-type>
        <terminal-type>0</terminal-type>
        <remove-instrumentation>0</remove-instrumentation>
        <environment>
        </environment>
      </runprofile>
    </conf>
  </confs>
</configurationDescriptor>
