<?xml version="1.0" encoding="UTF-8"?>
<actions>
        <action>
            <actionName>build-with-dependencies</actionName>
            <basedir>..</basedir>
            <reactor>also-make</reactor>
            <goals>
                <goal>install</goal>
            </goals>
        </action>
        <action>
            <actionName>run</actionName>
            <goals>
                <goal>process-classes</goal>
                <goal>org.codehaus.mojo:exec-maven-plugin:1.1.1:exec</goal>
            </goals>
            <properties>
                <exec.classpathScope>runtime</exec.classpathScope>
                <exec.args>-Dhawk.conf=/home/manoranjan/bt/bt-hawk.conf -DhawkLogger=/home/manoranjan/hawkeye/hawk-eye-code/hawkeye/src/main/resources/log4j/log4j.properties -DLOGPATH=/home/manoranjan/bt/1 -classpath %classpath org.hawk.module.script.ScriptInterpreter -perf -f  /home/manoranjan/j-hawk/scripts/perfectseries.hawk</exec.args>
                <exec.executable>java</exec.executable>
            </properties>
        </action>
        <action>
            <actionName>debug</actionName>
            <goals>
                <goal>process-classes</goal>
                <goal>org.codehaus.mojo:exec-maven-plugin:1.1.1:exec</goal>
            </goals>
            <properties>
                <exec.classpathScope>runtime</exec.classpathScope>
                <exec.args>-Xdebug -Xrunjdwp:transport=dt_socket,server=n,address=${jpda.address} -Dhawk.conf=/home/manoranjan/bt/bt-hawk.conf -DhawkLogger=/home/manoranjan/hawkeye/hawk-eye-code/hawkeye/src/main/resources/log4j/log4j.properties -DLOGPATH=/home/manoranjan/bt/1 -classpath %classpath org.hawk.module.script.ScriptInterpreter -perf -f  /home/manoranjan/j-hawk/scripts/perfectseries.hawk</exec.args>
                <jpda.listen>true</jpda.listen>
                <exec.executable>java</exec.executable>
            </properties>
        </action>
        <action>
            <actionName>profile</actionName>
            <goals>
                <goal>process-classes</goal>
                <goal>org.codehaus.mojo:exec-maven-plugin:1.1.1:exec</goal>
            </goals>
            <properties>
                <exec.args>${profiler.args} -Dhawk.conf=/home/manoranjan/bt/bt-hawk.conf -DhawkLogger=/home/manoranjan/hawkeye/hawk-eye-code/hawkeye/src/main/resources/log4j/log4j.properties -DLOGPATH=/home/manoranjan/bt/1 -classpath %classpath org.hawk.module.script.ScriptInterpreter -perf -f  /home/manoranjan/j-hawk/scripts/perfectseries.hawk</exec.args>
                <profiler.action>profile</profiler.action>
                <exec.executable>${profiler.java}</exec.executable>
            </properties>
        </action>
        <action>
            <actionName>run</actionName>
            <goals>
                <goal>process-classes</goal>
                <goal>org.codehaus.mojo:exec-maven-plugin:1.1.1:exec</goal>
            </goals>
            <properties>
                <exec.classpathScope>runtime</exec.classpathScope>
                <exec.args>-classpath %classpath org.hawk.module.script.ScriptInterpreter</exec.args>
                <exec.executable>java</exec.executable>
            </properties>
        </action>
        <action>
            <actionName>run</actionName>
            <goals>
                <goal>process-classes</goal>
                <goal>org.codehaus.mojo:exec-maven-plugin:1.1.1:exec</goal>
            </goals>
            <properties>
                <exec.classpathScope>runtime</exec.classpathScope>
                <exec.args>-classpath %classpath org.hawk.module.script.ScriptInterpreter</exec.args>
                <exec.executable>java</exec.executable>
            </properties>
        </action>
        <action>
            <actionName>run</actionName>
            <goals>
                <goal>process-classes</goal>
                <goal>org.codehaus.mojo:exec-maven-plugin:1.1.1:exec</goal>
            </goals>
            <properties>
                <exec.classpathScope>runtime</exec.classpathScope>
                <exec.args>-Dhawk.conf=/home/manoranjan/bt/bt-hawk.conf -DhawkLogger=/home/manoranjan/hawkeye/hawk-eye-code/hawkeye/src/main/resources/log4j/log4j.properties -DLOGPATH=/home/manoranjan/bt/1 -classpath %classpath org.hawk.module.script.ScriptInterpreter -perf -f  /home/manoranjan/j-hawk/scripts/perfectseries.hawk</exec.args>
                <exec.executable>java</exec.executable>
            </properties>
        </action>
    </actions>
